,customer_id,gross_revenue,recency_days,qtde_invoices,qtde_items,qtde_products,avg_ticket,avg_recency_days,frequency,qtde_returns,avg_basket_size,avg_unique_basket_size,revenue_returned,cluster
2,12583,6705.38,2.0,15,5028,232,28.9025,-5.462231224143265,0.04043126684636118,50.0,335.2,7.6,-76.03999999999999,8
5,15291,4623.3,25.0,14,2102,102,45.326470588235296,-3.178549616733361,0.04011461318051576,29.0,150.14285714285714,4.357142857142857,-71.79,8
6,14688,5630.87,7.0,21,3621,327,17.219785932721713,-3.1423174439862795,0.05722070844686648,399.0,172.42857142857142,7.0476190476190474,-523.49,8
7,17809,5411.91,15.0,12,2057,61,88.71983606557377,-2.714442357050744,0.0335195530726257,41.0,171.41666666666666,3.8333333333333335,-67.06,8
8,15311,60767.9,1.0,91,38194,2379,25.543463640184953,-1.765182756024118,0.24331550802139038,474.00000000000006,419.7142857142857,6.230769230769231,-1348.56,8
12,16029,72882.09,38.0,62,40207,241,302.4153112033195,-1.7662177253980444,0.18452380952380953,8004.0,648.5,0.6935483870967742,-14688.24,8
14,12431,6382.45,35.0,15,2899,233,27.392489270386264,-2.9664176587128916,0.04424778761061947,50.0,193.26666666666668,10.8,-71.06,8
15,17511,91062.38,2.0,31,64549,963,94.5611422637591,-2.0218358910994056,0.0862533692722372,1535.0,2082.2258064516127,14.612903225806452,-2924.18,8
18,13408,28117.04,1.0,62,16232,478,58.82225941422595,-2.0634019254549183,0.16666666666666666,104.0,261.80645161290323,3.774193548387097,-228.66,8
19,13767,17220.36,1.0,37,7322,368,46.79445652173913,-2.1901161916305405,0.09946236559139784,64.0,197.8918918918919,1.4864864864864864,-274.65000000000003,8
23,15513,14758.220000000001,32.0,19,5709,308,47.91629870129871,-3.2174977079775515,0.05571847507331378,164.0,300.4736842105263,9.631578947368421,-238.14000000000001,8
25,16218,3084.68,29.0,7,2088,84,36.72238095238095,-3.71417724607243,0.020348837209302327,11.0,298.2857142857143,8.0,-29.810000000000002,8
27,14307,2995.72,88.0,6,2058,180,16.642888888888887,-2.906764747512945,0.021052631578947368,0.0,343.0,25.0,0.0,8
29,17920,4192.2,3.0,17,2514,695,6.031942446043165,-5.367452707587381,0.04594594594594595,0.0,147.88235294117646,23.88235294117647,0.0,8
35,13694,65039.62,3.0,50,63312,568,114.50637323943663,-1.9336456270826288,0.13513513513513514,1504.0,1266.24,7.32,-2115.52,8
37,14849,7930.54,21.0,25,5694,388,20.439536082474227,-2.120922179697467,0.07102272727272728,38.0,227.76,6.36,-26.259999999999998,8
39,16210,21076.3,1.0,17,7558,122,172.75655737704918,-4.514573521184625,0.045576407506702415,0.0,444.5882352941176,4.294117647058823,0.0,8
41,17377,4100.92,23.0,20,2076,418,9.810813397129186,-3.716163444912401,0.05714285714285714,1.0,103.8,9.5,-175.0,8
46,12748,32317.32,1.0,206,25511,4580,7.056183406113537,-1.2196482805374493,0.5549597855227882,1535.0,123.83980582524272,8.572815533980583,-1830.79,8
52,12662,3543.78,1.0,11,2041,220,16.10809090909091,-4.804364900474335,0.029490616621983913,18.0,185.54545454545453,11.636363636363637,-32.699999999999996,8
57,12433,13375.87,1.0,7,11071,420,31.847309523809525,-3.014389223547862,0.01876675603217158,0.0,1581.5714285714287,31.285714285714285,0.0,8
65,14911,140450.72,1.0,199,80263,5673,24.7577507491627,-1.199586268502339,0.5361930294906166,3332.0000000000005,403.3316582914573,8.974874371859297,-7443.59,8
71,17841,40967.72,1.0,124,23053,7838,5.226807859147742,-1.5137408019222105,0.3333333333333333,203.0,185.91129032258064,10.661290322580646,-634.5,8
74,13093,7832.47,275.0,8,3961,159,49.260817610062894,-2.445573693493827,0.08163265306122448,18.0,495.125,12.125,-91.0,8
75,12921,16587.09,8.0,37,9526,720,23.037625,-1.9546273417271738,0.10136986301369863,72.0,257.4594594594595,6.297297297297297,-197.35,8
76,13468,5704.97,1.0,37,2589,302,18.89062913907285,-4.2975481093343175,0.10215053763440861,8.0,69.97297297297297,4.972972972972973,-48.22,8
79,16928,2839.65,79.0,17,2113,208,13.652163461538462,-4.8368813337081855,0.05802047781569966,20.0,124.29411764705883,4.0,-66.1,8
86,13777,25977.16,1.0,33,12897,197,131.86375634517768,-2.4053500595963717,0.08847184986595175,90.0,390.8181818181818,1.0909090909090908,-219.06,8
90,18229,7276.900000000001,11.0,20,2488,164,44.37134146341464,-8.33326602052024,0.055248618784530384,0.0,124.4,3.3,0.0,8
94,14606,12021.65,1.0,91,6215,2698,4.455763528539659,-1.8000809935205184,0.24932975871313673,244.99999999999997,68.2967032967033,8.978021978021978,-439.55,8
98,13576,6717.34,9.0,18,2646,126,53.312222222222225,-8.06890389590042,0.049586776859504134,6.0,147.0,4.333333333333333,-14.040000000000001,8
101,13090,8895.82,8.0,13,2262,154,57.765064935064935,-4.367595215625423,0.03561643835616438,69.0,174.0,7.461538461538462,-221.43,8
112,17017,8694.26,2.0,20,6673,252,34.50103174603175,-2.3516294228142045,0.05405405405405406,60.0,333.65,4.4,-120.15,8
113,14135,4690.31,1.0,15,3850,134,35.00231343283583,-3.680332809281312,0.04032258064516129,0.0,256.6666666666667,6.333333333333333,0.0,8
115,15601,6776.56,10.0,14,4983,410,16.52819512195122,-4.474181990770473,0.03867403314917127,5.0,355.92857142857144,16.428571428571427,-31.2,8
116,13418,6127.43,11.0,18,3918,304,20.156019736842108,-2.1958283595075283,0.04986149584487535,79.0,217.66666666666666,12.38888888888889,-281.98999999999995,8
120,18041,4183.39,11.0,21,3819,472,8.863114406779662,-4.865406632680259,0.058011049723756904,9.0,181.85714285714286,13.571428571428571,-22.25,8
121,15955,4416.26,23.0,14,2135,183,24.13256830601093,-2.965456122833885,0.04011461318051576,11.0,152.5,9.785714285714286,-26.45,8
126,14390,4652.82,9.0,9,2136,286,16.268601398601398,-2.070444980163068,0.024793388429752067,11.0,237.33333333333334,15.0,-60.35,8
131,14060,6140.42,4.0,19,5386,202,30.39811881188119,-6.126292291315466,0.051490514905149054,12.0,283.4736842105263,4.526315789473684,-5.04,8
137,15544,3546.71,8.0,9,3109,259,13.693861003861004,-4.643809932029784,0.024725274725274724,4.0,345.44444444444446,13.555555555555555,-4.199999999999999,8
138,15738,4812.42,18.0,16,2982,173,27.817456647398846,-5.772685619954039,0.04519774011299435,15.0,186.375,2.875,-23.65,8
139,17381,20275.61,8.0,29,25649,109,186.01477064220185,-2.3679777342052897,0.07967032967032966,3.0,884.448275862069,1.3793103448275863,-3.18,8
156,16186,4006.94,22.0,12,3020,218,18.38045871559633,-3.8157177264616546,0.03428571428571429,12.0,251.66666666666666,7.25,-15.0,8
158,17581,11045.04,1.0,25,5927,440,25.102363636363638,-1.7771985884919397,0.06720430107526881,66.0,237.08,9.16,-308.93,8
164,15061,54534.14,3.0,48,28920,403,135.32044665012407,-1.9792609579181946,0.13008130081300814,282.0,602.5,1.4583333333333333,-283.79999999999995,8
166,15640,12515.66,3.0,15,6607,484,25.858801652892563,-4.008784744485975,0.04076086956521739,35.0,440.46666666666664,16.0,-82.32,8
174,14031,17286.86,6.0,19,5788,250,69.14744,-3.114754094602797,0.05191256830601093,417.00000000000006,304.63157894736844,6.2631578947368425,-2587.95,8
176,12971,11189.91,3.0,86,9289,305,36.68822950819672,-2.005310531769065,0.23306233062330622,85.0,108.01162790697674,1.0930232558139534,-256.15,8
178,15299,3907.01,66.0,6,2947,6,651.1683333333334,-1.7247532883354633,0.019672131147540985,5.0,491.1666666666667,1.0,-6.01,8
181,17757,5601.34,1.0,30,3319,740,7.569378378378379,-4.544237789201638,0.08086253369272237,4.0,110.63333333333334,9.133333333333333,-19.8,8
183,13798,37153.85,1.0,57,23948,349,106.4580229226361,-2.4807902414479006,0.15363881401617252,434.0,420.140350877193,1.9824561403508771,-802.43,8
184,16754,2002.4,371.0,1,4280,2,1001.2,-1.0,1.0,0.0,4280.0,2.0,0.0,8
192,15093,4597.02,17.0,6,3760,108,42.565000000000005,-6.3690829383115215,0.01694915254237288,27.0,626.6666666666666,8.666666666666666,-186.87999999999997,8
200,17396,7312.8,38.0,7,2004,26,281.26153846153846,-2.4360010519187405,0.021021021021021023,0.0,286.2857142857143,3.2857142857142856,0.0,8
206,12841,4022.35,4.0,25,2757,420,9.577023809523808,-5.856261327739918,0.06793478260869565,74.0,110.28,9.16,-145.95000000000002,8
219,14156,117379.63,9.0,55,57885,1400,83.84259285714286,-1.9019800987199484,0.15193370165745856,859.0,1052.4545454545455,12.981818181818182,-2874.31,8
221,14680,28754.11,24.0,16,13476,258,111.45003875968993,-2.502927705227434,0.04610951008645533,1002.0000000000001,842.25,4.5625,-1821.77,8
223,12557,11990.960000000001,15.0,5,4384,33,363.36242424242425,-4.731151304787989,0.014044943820224719,0.0,876.8,3.0,0.0,8
225,13013,4810.9400000000005,1.0,13,2224,219,21.967762557077627,-4.779189735058835,0.03504043126684636,7.0,171.07692307692307,11.923076923076923,-23.95,8
229,16013,37130.6,3.0,47,15536,139,267.126618705036,-1.9135349608750059,0.12771739130434784,1594.0000000000002,330.5531914893617,0.6382978723404256,-3677.15,8
230,17949,58030.48,1.0,44,30450,69,841.0214492753623,-1.8988697430426968,0.11859838274932614,2878.0,692.0454545454545,0.6363636363636364,-4814.74,8
231,12779,3981.36,37.0,8,2024,149,26.72053691275168,-3.3259762006114904,0.023952095808383235,28.0,253.0,11.0,-112.66,8
234,12682,11028.22,3.0,31,5505,496,22.234314516129032,-3.4196041813578226,0.08423913043478261,0.0,177.58064516129033,6.709677419354839,0.0,8
246,15769,56252.72,6.0,26,29672,130,432.7132307692308,-3.19563033025872,0.07142857142857142,2012.0000000000002,1141.2307692307693,1.0,-4429.0,8
252,12395,2682.63,18.0,12,2097,144,18.629375,-4.935204573029846,0.03409090909090909,5.0,174.75,7.5,-20.35,8
254,13081,28337.38,11.0,11,19068,1024,27.67322265625,-3.116274828001047,0.030555555555555555,138.0,1733.4545454545455,45.72727272727273,-365.3,8
256,17243,8668.45,1.0,26,3366,399,21.72543859649123,-3.434921213805029,0.07046070460704607,8.0,129.46153846153845,6.884615384615385,-48.3,8
258,13089,58825.83,2.0,97,31070,1818,32.35744224422442,-1.5915076080699482,0.26430517711171664,283.0,320.30927835051546,6.556701030927835,-1439.95,8
259,16033,8816.4,5.0,20,3539,1137,7.754089709762533,-2.445956295618117,0.0547945205479452,23.0,176.95,26.9,-88.79,8
261,18055,6784.1900000000005,6.0,10,2455,360,18.844972222222225,-3.349047442160667,0.027548209366391185,5.0,245.5,22.3,-32.050000000000004,8
263,18109,8052.97,1.0,26,4237,444,18.13731981981982,-3.32537584328982,0.07046070460704607,18.0,162.96153846153845,4.576923076923077,-127.65,8
264,13069,4436.12,1.0,24,5885,425,10.437929411764706,-2.671444487986137,0.06504065040650407,419.0,245.20833333333334,11.708333333333334,-718.3,8
266,14800,4339.74,47.0,12,3655,385,11.272051948051947,-2.9960893848412,0.03715170278637771,21.0,304.5833333333333,20.5,-103.4,8
268,16839,16594.35,8.0,34,8975,266,62.38477443609022,-3.3746172906383274,0.09418282548476455,504.0,263.97058823529414,3.3529411764705883,-1232.07,8
270,16931,4604.22,4.0,21,3158,898,5.127193763919822,-6.401692328688941,0.057534246575342465,0.0,150.38095238095238,21.333333333333332,0.0,8
271,16814,6499.2,13.0,21,2763,323,20.121362229102168,-6.184061828390211,0.05898876404494382,1.0,131.57142857142858,5.761904761904762,-8.5,8
273,13269,5346.2300000000005,1.0,15,3514,316,16.91844936708861,-4.267908262318128,0.04065040650406504,5.0,234.26666666666668,11.8,-30.31,8
275,12567,8609.28,22.0,10,4261,438,19.655890410958907,-2.4957531498527916,0.02881844380403458,216.0,426.1,32.2,-286.34000000000003,8
279,16353,6675.71,3.0,23,2006,94,71.0181914893617,-4.068780325626832,0.06267029972752043,0.0,87.21739130434783,2.217391304347826,0.0,8
280,18118,5651.42,10.0,26,2870,1278,4.4220813771518,-3.258777354356282,0.07242339832869081,5.0,110.38461538461539,16.26923076923077,-58.05,8
291,15570,4165.52,6.0,12,2067,323,12.896346749226007,-4.174210416480184,0.03305785123966942,9.0,172.25,19.25,-55.55,8
295,17858,5155.66,5.0,12,2706,199,25.9078391959799,-6.055032537069808,0.03296703296703297,0.0,225.5,8.416666666666666,0.0,8
297,14527,8507.82,2.0,55,2087,971,8.761915550978372,-4.069006543723974,0.14986376021798364,4.0,37.945454545454545,5.9818181818181815,-28.6,8
302,15023,6783.86,2.0,11,2862,560,12.114035714285714,-4.503732590476253,0.02997275204359673,8.0,260.1818181818182,31.454545454545453,-39.6,8
307,15867,3806.1,4.0,15,2041,459,8.292156862745097,-5.778807584390957,0.04120879120879121,2.0,136.06666666666666,20.066666666666666,-14.85,8
308,12472,6068.11,31.0,7,4120,332,18.277439759036145,-3.494342414447669,0.020771513353115726,128.0,588.5714285714286,31.142857142857142,-342.63,8
310,15555,4802.18,11.0,16,4409,897,5.3536008918617615,-2.6517843314900134,0.0446927374301676,28.0,275.5625,25.0,-46.12,8
315,12720,5115.7300000000005,2.0,25,4635,342,14.958274853801171,-3.4976373284755233,0.0681198910081744,17.0,185.4,8.4,-50.45,8
316,16422,34684.4,16.0,51,33704,369,93.99566395663958,-2.9515514372527956,0.14488636363636365,120.0,660.8627450980392,1.3333333333333333,-373.4,8
318,15502,6923.98,15.0,10,4232,209,33.129090909090905,-1.9010855882552415,0.02824858757062147,407.0,423.2,16.3,-1375.4,8
327,17677,16363.23,1.0,30,9775,304,53.82641447368421,-2.0224680075334622,0.08152173913043478,50.0,325.8333333333333,5.933333333333334,-144.01,8
330,17428,17256.85,1.0,28,9474,328,52.61234756097561,-2.8698662663226573,0.07588075880758807,39.0,338.35714285714283,9.0,-178.4,8
333,16161,5575.56,1.0,19,2599,474,11.762784810126583,-2.798162552665356,0.051630434782608696,58.0,136.78947368421052,15.052631578947368,-178.84,8
350,15039,19914.44,9.0,47,9209,1502,13.25861517976032,-3.119712234336027,0.13055555555555556,18.0,195.93617021276594,8.680851063829786,-128.0,8
354,14189,4654.08,1.0,15,3937,265,17.56256603773585,-3.4599373369376596,0.04087193460490463,18.0,262.46666666666664,11.733333333333333,-49.769999999999996,8
359,15301,5070.35,50.0,12,2775,243,20.865637860082305,-3.7125651119519,0.03773584905660377,7.0,231.25,13.916666666666666,-42.23,8
364,17596,2827.93,22.0,7,4400,270,10.473814814814814,-6.021803516403525,0.02023121387283237,0.0,628.5714285714286,24.0,0.0,8
365,15078,9743.11,6.0,32,5105,440,22.14343181818182,-2.3041627671423033,0.08839779005524862,36.0,159.53125,3.03125,-119.76,8
366,14085,4448.54,1.0,18,3184,450,9.885644444444445,-2.9987238828924854,0.04904632152588556,1.0,176.88888888888889,15.11111111111111,-12.75,8
373,16722,4730.81,16.0,13,5001,225,21.025822222222224,-4.713080942006934,0.036931818181818184,12.0,384.6923076923077,7.384615384615385,-19.6,8
375,14667,9236.95,10.0,25,5384,572,16.148513986013988,-2.9084108712579146,0.06983240223463687,3.0,215.36,14.12,-10.0,8
382,17068,4545.89,11.0,21,2159,295,15.409796610169492,-5.204618896712706,0.05898876404494382,10.0,102.80952380952381,5.476190476190476,-20.8,8
388,15194,7616.53,2.0,15,5703,310,24.569451612903226,-5.044131617335403,0.040983606557377046,55.0,380.2,13.933333333333334,-95.36,8
405,17450,194550.79,7.0,46,69993,337,577.3020474777448,-1.7065108990810232,0.12777777777777777,952.0,1521.5869565217392,2.6956521739130435,-4815.26,8
410,12681,12365.54,14.0,22,7457,616,20.073928571428574,-4.167027680617477,0.062146892655367235,15.0,338.95454545454544,12.090909090909092,-55.949999999999996,8
412,17735,13110.02,1.0,19,8439,690,19.000028985507246,-5.968913085910283,0.05191256830601093,0.0,444.1578947368421,16.789473684210527,0.0,8
416,15838,33643.08,10.0,19,18368,167,201.45556886227547,-3.098297285050839,0.05322128851540616,0.0,966.7368421052631,2.8421052631578947,0.0,8
417,14733,9585.91,15.0,12,3764,202,47.455,-4.720604279668158,0.03409090909090909,39.0,313.6666666666667,8.5,-134.37,8
418,13756,5189.52,1.0,14,3188,142,36.54591549295775,-3.1319937019244373,0.03825136612021858,24.0,227.71428571428572,4.714285714285714,-44.400000000000006,8
422,17491,3558.87,1.0,10,2013,109,32.65018348623853,-4.77796286627221,0.027247956403269755,1.0,201.3,7.2,-16.95,8
423,14282,3729.34,2.0,15,2668,156,23.906025641025643,-5.591784196084872,0.0410958904109589,0.0,177.86666666666667,4.666666666666667,0.0,8
426,13488,8968.31,16.0,13,4518,422,21.25191943127962,-5.2563539635014624,0.037037037037037035,6.0,347.53846153846155,20.846153846153847,-57.7,8
431,17675,20374.28,1.0,31,8360,705,28.89968794326241,-3.2463747024160274,0.08446866485013624,82.0,269.6774193548387,7.709677419354839,-276.18,8
433,16904,3750.4700000000003,3.0,16,2024,709,5.289802538787025,-5.305955483037842,0.0440771349862259,0.0,126.5,24.125,0.0,8
442,14739,3902.28,3.0,7,3820,60,65.038,-3.675948683255884,0.019230769230769232,3.0,545.7142857142857,6.714285714285714,-3.18,8
451,19111,11540.34,366.0,1,2200,148,77.97527027027027,-1.0,1.0,0.0,2200.0,148.0,0.0,8
457,12839,5591.42,2.0,14,3807,314,17.80707006369427,-8.310069889732151,0.038356164383561646,2.0,271.92857142857144,6.785714285714286,-3.3,8
462,18102,259657.3,1.0,60,64124,431,602.45313225058,-1.5133566669837912,0.16348773841961853,0.0,1068.7333333333333,2.5,0.0,8
468,13078,12627.94,2.0,26,5630,358,35.27357541899441,-2.72785212224351,0.07142857142857142,73.0,216.53846153846155,3.6538461538461537,-195.66,8
470,13050,5833.11,14.0,17,3747,402,14.510223880597014,-3.8221370645084654,0.048295454545454544,41.0,220.41176470588235,14.411764705882353,-152.25,8
471,12709,9430.52,14.0,15,3919,203,46.45576354679803,-3.363760351576863,0.04261363636363636,103.00000000000001,261.26666666666665,6.133333333333334,-440.77,8
475,16779,10629.720000000001,1.0,22,5325,333,31.921081081081084,-2.782096384669936,0.06027397260273973,89.0,242.04545454545453,7.318181818181818,-175.67000000000002,8
477,13599,5153.67,1.0,21,3294,247,20.86506072874494,-2.4728391103597827,0.05737704918032787,124.0,156.85714285714286,8.142857142857142,-121.35,8
485,14796,8020.93,1.0,17,6021,1140,7.03590350877193,-2.238994604314757,0.04644808743169399,83.0,354.1764705882353,23.647058823529413,-182.98,8
487,13199,9802.12,3.0,37,6175,118,83.06881355932204,-2.8150224988998502,0.10164835164835165,4.0,166.8918918918919,1.2702702702702702,-13.16,8
488,14032,2975.59,1.0,11,2032,143,20.80832167832168,-4.677063120680795,0.030136986301369864,24.0,184.72727272727272,4.818181818181818,-45.75,8
489,17706,10504.49,3.0,17,3899,382,27.498664921465966,-2.3435016174133927,0.046831955922865015,66.0,229.35294117647058,15.882352941176471,-407.12000000000006,8
491,16525,13027.45,1.0,26,7397,183,71.18825136612023,-5.14384547902173,0.07123287671232877,904.0,284.5,2.8846153846153846,-1131.88,8
494,13126,2099.64,4.0,8,2143,140,14.997428571428571,-3.9381773318855977,0.022099447513812154,13.0,267.875,15.5,-43.349999999999994,8
496,16558,8338.49,1.0,20,5377,460,18.127152173913043,-5.5159947540861936,0.0546448087431694,31.0,268.85,13.2,-81.45,8
499,15529,3992.68,22.0,11,3495,671,5.950342771982116,-4.2296177364595735,0.03197674418604651,7.0,317.72727272727275,37.63636363636363,-27.450000000000003,8
500,15498,13316.4,2.0,27,6105,512,26.00859375,-2.0161797355683846,0.07397260273972603,15.0,226.11111111111111,13.333333333333334,-63.85,8
506,14051,15610.390000000001,1.0,23,3756,210,74.33519047619048,-6.334921579014167,0.06284153005464481,15.0,163.30434782608697,2.260869565217391,-133.05,8
509,15032,4959.1,255.0,3,2968,52,95.3673076923077,-1.2471655328798186,0.02702702702702703,300.0,989.3333333333334,9.666666666666666,-495.0,8
510,16713,6923.13,18.0,15,4276,624,11.094759615384616,-3.1825493542416474,0.04310344827586207,12.0,285.06666666666666,22.533333333333335,-82.9,8
516,13113,12245.960000000001,1.0,24,3045,200,61.229800000000004,-2.056355745856481,0.06557377049180328,449.0,126.875,3.9583333333333335,-1722.31,8
523,12766,6457.63,3.0,7,3627,306,21.103366013071895,-6.2751380154588245,0.01928374655647383,0.0,518.1428571428571,29.142857142857142,0.0,8
524,15298,4799.9,1.0,12,3116,192,24.999479166666664,-3.515048781186755,0.03287671232876712,364.0,259.6666666666667,9.583333333333334,-1025.8,8
527,15005,6314.87,15.0,28,4245,1118,5.648363148479428,-3.087024410611405,0.08262108262108261,43.0,151.60714285714286,12.821428571428571,-136.08,8
533,14866,14353.4,10.0,11,6751,98,146.46326530612245,-3.965487952076535,0.03089887640449438,183.0,613.7272727272727,2.6363636363636362,-192.45000000000002,8
537,13848,1255.0,91.0,3,3700,5,251.0,-2.942376697389714,0.010948905109489052,0.0,1233.3333333333333,1.0,0.0,8
543,17340,12353.29,29.0,11,5967,407,30.352063882063884,-4.310658556258225,0.032640949554896145,64.0,542.4545454545455,20.818181818181817,-194.99,8
549,16700,5076.55,8.0,13,4024,308,16.482305194805196,-7.749810901464189,0.036312849162011177,5.0,309.53846153846155,12.23076923076923,-36.55,8
550,16011,3362.71,7.0,16,2042,212,15.86183962264151,-7.556602593225844,0.0446927374301676,0.0,127.625,6.1875,0.0,8
559,18092,9068.26,1.0,11,4252,89,101.89056179775281,-4.153424479059812,0.03021978021978022,2.0,386.54545454545456,2.5454545454545454,-2.5,8
560,15358,8347.2,4.0,22,7050,551,15.149183303085302,-2.7783607575169653,0.060941828254847646,122.99999999999999,320.45454545454544,13.272727272727273,-112.4,8
561,13319,10845.550000000001,4.0,26,4724,476,22.784768907563027,-2.290140779201874,0.07202216066481995,38.0,181.69230769230768,8.038461538461538,-181.21,8
562,12481,5020.32,22.0,10,3272,209,24.020669856459328,-3.250878037702045,0.029154518950437316,14.0,327.2,14.9,-5.46,8
563,12621,12411.67,1.0,20,7369,449,27.64291759465479,-3.3058875922739888,0.0547945205479452,36.0,368.45,13.0,-77.60000000000001,8
564,14299,3965.62,7.0,9,2149,143,27.73160839160839,-2.6734568379541783,0.025139664804469275,136.0,238.77777777777777,10.444444444444445,-1110.27,8
566,12683,7612.57,3.0,14,4934,331,22.99870090634441,-3.250398417290784,0.03867403314917127,84.0,352.42857142857144,12.571428571428571,-255.48,8
568,13854,8109.5199999999995,8.0,25,2296,110,73.72290909090908,-5.285840938872806,0.0700280112044818,18.0,91.84,1.56,-84.5,8
573,17857,25301.54,3.0,22,14822,48,527.1154166666666,-3.0133547234236118,0.06077348066298342,170.0,673.7272727272727,0.8181818181818182,-115.69999999999999,8
588,15856,16386.31,3.0,27,11002,644,25.444580745341618,-2.11245609812613,0.07458563535911603,64.0,407.48148148148147,10.88888888888889,-213.9,8
589,13102,6424.09,1.0,24,4204,304,21.131875,-3.2120532745562635,0.06593406593406594,44.0,175.16666666666666,5.833333333333333,-87.8,8
613,18225,5509.12,2.0,12,3244,271,20.328856088560887,-4.314969350034753,0.03314917127071823,38.0,270.3333333333333,12.5,-148.1,8
623,17576,3622.68,7.0,19,1994,411,8.814306569343065,-3.9446009712722407,0.05307262569832402,40.0,104.94736842105263,12.894736842105264,-164.9,8
627,13969,9053.94,6.0,18,4542,626,14.463162939297126,-3.2578419145629045,0.05027932960893855,59.0,252.33333333333334,18.555555555555557,-67.25,8
629,15805,5528.4800000000005,22.0,17,3387,301,18.367043189368772,-2.630380170365239,0.049707602339181284,50.0,199.23529411764707,12.941176470588236,-76.31,8
630,12471,17424.05,1.0,27,8104,439,39.690318906605924,-2.5747808431466646,0.0743801652892562,245.99999999999997,300.14814814814815,5.481481481481482,-1065.1299999999999,8
635,16265,5447.0,8.0,9,2646,258,21.112403100775193,-4.146849190708079,0.025280898876404494,19.0,294.0,18.22222222222222,-23.85,8
641,12731,18751.91,23.0,12,8429,273,68.68831501831502,-3.952137970108878,0.03508771929824561,70.0,702.4166666666666,9.0,-91.5,8
646,16656,8625.8,21.0,15,8894,73,118.16164383561643,-4.467457076562972,0.043731778425655975,21.0,592.9333333333333,0.9333333333333333,-57.56,8
655,14952,8099.49,59.0,11,3355,138,58.69195652173913,-2.5515428240827935,0.036065573770491806,60.0,305.0,10.636363636363637,-186.7,8
657,12989,6924.110000000001,2.0,15,2943,64,108.18921875000001,-3.101335612321077,0.04143646408839779,28.0,196.2,2.7333333333333334,-69.6,8
664,17865,10524.220000000001,30.0,20,5756,369,28.520921409214097,-2.9418577181269048,0.059880239520958084,59.0,287.8,9.5,-367.78,8
667,19196,12633.67,363.0,1,2229,140,90.2405,-1.0,1.0,0.0,2229.0,140.0,0.0,8
669,16873,7123.62,4.0,6,3840,279,25.53268817204301,-5.589409217564445,0.016666666666666666,15.0,640.0,29.833333333333332,-57.31,8
670,14062,10464.85,9.0,12,5593,111,94.27792792792793,-3.577141000717183,0.03380281690140845,0.0,466.0833333333333,5.0,0.0,8
676,16923,7247.61,11.0,19,3417,672,10.785133928571428,-2.477377031037282,0.05413105413105413,233.99999999999997,179.8421052631579,16.473684210526315,-580.78,8
677,14159,4690.64,19.0,11,4405,1203,3.8991188694929346,-3.0087517824152847,0.03197674418604651,13.0,400.45454545454544,45.45454545454545,-14.71,8
680,12753,21429.39,22.0,6,11421,197,108.77862944162436,-4.760570480996619,0.01764705882352941,171.0,1903.5,22.0,-405.38,8
684,12875,343.2300000000001,142.0,2,2019,2,171.61500000000004,-1.990909090909091,0.00909090909090909,0.0,1009.5,0.5,0.0,8
689,13668,6363.59,2.0,21,3742,470,13.539553191489363,-2.7089515251140592,0.058333333333333334,104.99999999999999,178.1904761904762,13.523809523809524,-147.52,8
692,15547,4954.84,6.0,14,4032,702,7.058176638176638,-3.9380241905888336,0.03943661971830986,0.0,288.0,31.5,0.0,8
693,15998,3089.97,36.0,5,2041,506,6.106660079051383,-2.922385982668101,0.015337423312883436,4.0,408.2,74.0,-5.8,8
699,15044,7700.2300000000005,18.0,17,2795,453,16.998300220750554,-2.3646485850892347,0.04956268221574344,9.0,164.41176470588235,13.705882352941176,-70.85,8
703,14505,5905.64,16.0,8,2759,799,7.391289111389237,-2.5801944487301305,0.02318840579710145,16.0,344.875,67.5,-86.94,8
708,12540,11580.24,19.0,17,6620,461,25.11982646420824,-5.302629692602595,0.04956268221574344,8.0,389.4117647058824,16.235294117647058,-91.19999999999999,8
709,13225,6463.84,2.0,7,3416,32,201.995,-6.758519380886325,0.019498607242339833,64.0,488.0,3.2857142857142856,-380.8,8
713,13209,5891.61,29.0,8,4253,321,18.35392523364486,-3.0042626143455395,0.024096385542168676,21.0,531.625,31.875,-71.45,8
718,16701,5398.3,8.0,13,6393,144,37.488194444444446,-3.7030275956653256,0.036827195467422094,182.0,491.7692307692308,7.615384615384615,-248.03,8
722,17338,6635.14,16.0,8,3113,751,8.835073235685753,-3.159759765539695,0.02318840579710145,4.0,389.125,48.5,-28.799999999999997,8
729,17611,3984.22,6.0,15,2560,576,6.9170486111111105,-4.024454414741225,0.0423728813559322,8.0,170.66666666666666,29.333333333333332,-36.35,8
741,15159,18641.010000000002,1.0,30,11441,710,26.254943661971833,-2.1043529781075563,0.08333333333333333,47.0,381.3666666666667,12.1,-67.33,8
746,14525,4332.2,19.0,9,2696,291,14.887285223367696,-3.527376912666492,0.02631578947368421,22.0,299.55555555555554,24.11111111111111,-65.83,8
747,13324,7121.95,35.0,10,5205,75,94.95933333333333,-1.868168362437387,0.03076923076923077,5.0,520.5,2.5,-49.14999999999999,8
755,14961,7044.68,10.0,9,3708,312,22.579102564102566,-4.583744908085022,0.025714285714285714,16.0,412.0,21.444444444444443,-38.1,8
757,16458,3482.7400000000002,2.0,18,2154,202,17.241287128712873,-9.082201777857705,0.05027932960893855,0.0,119.66666666666667,2.888888888888889,0.0,8
760,14057,6217.96,23.0,17,4876,284,21.894225352112677,-3.0268422351562863,0.050445103857566766,168.0,286.8235294117647,10.529411764705882,-70.56,8
762,13178,5725.47,25.0,11,3570,265,21.60554716981132,-7.500804567147794,0.03283582089552239,0.0,324.54545454545456,8.636363636363637,0.0,8
765,16191,5180.52,2.0,13,3351,134,38.66059701492538,-2.233927512372712,0.036312849162011177,147.0,257.7692307692308,5.0,-263.95000000000005,8
767,14298,51527.3,7.0,44,58343,1637,31.476664630421503,-1.83782713403032,0.12464589235127478,322.0,1325.9772727272727,20.09090909090909,-664.86,8
771,17404,31781.82,3.0,13,32744,195,162.9836923076923,-3.4497779908206443,0.036414565826330535,424.0,2518.769230769231,8.384615384615385,-1606.0,8
772,14415,5900.28,1.0,13,3011,590,10.000474576271186,-2.774852177981953,0.03611111111111111,38.0,231.6153846153846,21.76923076923077,-88.72,8
776,16553,5719.82,162.0,12,4600,84,68.09309523809523,-1.8825034563971688,0.06060606060606061,5.0,383.3333333333333,5.166666666666667,-55.25,8
782,19217,12681.58,359.0,1,2150,148,85.68635135135135,-1.0,1.0,0.0,2150.0,148.0,0.0,8
790,12867,4036.82,25.0,7,4298,538,7.503382899628253,-2.4295206384801085,0.020958083832335328,23.0,614.0,34.285714285714285,-46.35,8
791,14401,4051.48,3.0,13,4507,182,22.26087912087912,-7.01573572048444,0.03651685393258427,2.0,346.6923076923077,8.692307692307692,-11.5,8
792,16145,3799.4900000000002,8.0,11,3123,224,16.96200892857143,-7.161209565631151,0.03125,51.0,283.90909090909093,12.181818181818182,-57.51,8
806,13458,9646.57,6.0,14,5508,382,25.252801047120418,-7.037738531592308,0.039660056657223795,48.0,393.42857142857144,17.285714285714285,-108.65,8
822,13124,3866.33,89.0,3,2147,235,16.452468085106382,-2.9538990825688076,0.011111111111111112,0.0,715.6666666666666,61.666666666666664,0.0,8
827,15727,5178.96,16.0,7,3065,302,17.14887417218543,-6.213167199865297,0.02040816326530612,0.0,437.85714285714283,30.428571428571427,0.0,8
830,15290,7943.22,4.0,18,4501,204,38.93735294117647,-3.5873914185011935,0.05070422535211268,70.0,250.05555555555554,5.166666666666667,-139.45,8
832,15615,10399.74,9.0,23,5508,423,24.585673758865248,-2.601141192405817,0.0659025787965616,15.0,239.47826086956522,8.0,-39.7,8
838,16607,3347.71,17.0,14,2859,172,19.46343023255814,-3.503056414278636,0.04093567251461988,37.0,204.21428571428572,10.0,-309.04,8
844,15482,11014.96,15.0,11,5019,97,113.55628865979381,-1.6020676129375395,0.03197674418604651,2022.0,456.27272727272725,4.090909090909091,-4486.24,8
850,16705,14034.99,1.0,20,5476,270,51.98144444444444,-2.4154900264545054,0.055710306406685235,18.0,273.8,6.65,-88.86,8
854,16746,6697.66,4.0,18,4665,449,14.91683741648107,-4.786778825144922,0.05070422535211268,3.0,259.1666666666667,13.0,-3.3499999999999996,8
857,16743,2238.09,28.0,7,2047,191,11.717748691099477,-3.687197281134611,0.021212121212121213,37.0,292.42857142857144,12.714285714285714,-46.25,8
869,14709,4921.04,14.0,13,2484,196,25.10734693877551,-4.079221461833942,0.0377906976744186,2.0,191.07692307692307,5.461538461538462,-9.9,8
871,17744,2322.4,3.0,6,3412,136,17.076470588235296,-4.829443577365613,0.016901408450704224,0.0,568.6666666666666,18.333333333333332,0.0,8
877,13534,5870.08,1.0,25,2961,296,19.83135135135135,-2.40855147537465,0.0702247191011236,85.0,118.44,4.76,-257.0,8
882,14092,4076.91,7.0,14,2066,214,19.050981308411213,-4.259807918537907,0.039886039886039885,5.0,147.57142857142858,8.357142857142858,-13.81,8
884,14735,6050.69,3.0,31,2263,193,31.350725388601035,-2.3281040324212388,0.08732394366197183,104.0,73.0,3.161290322580645,-258.0,8
886,18223,6484.54,4.0,14,2948,272,23.840220588235294,-3.0211630803823546,0.03954802259887006,57.0,210.57142857142858,8.285714285714286,-166.47,8
890,16684,66653.56,3.0,28,50255,277,240.6265703971119,-1.7759899319882508,0.07909604519774012,864.0,1794.8214285714287,4.25,-733.44,8
892,16945,4345.5,21.0,19,2725,249,17.451807228915662,-2.7416254255670114,0.05637982195845697,0.0,143.42105263157896,7.2105263157894735,0.0,8
903,13004,5655.91,11.0,18,4822,404,13.999777227722772,-5.483771369459491,0.05187319884726225,26.0,267.8888888888889,15.38888888888889,-42.480000000000004,8
905,12931,42055.96,21.0,15,28004,82,512.8775609756098,-2.085723660589462,0.04451038575667656,4427.0,1866.9333333333334,1.8666666666666667,-8511.15,8
910,14769,10673.1,2.0,8,7435,1089,9.800826446280992,-4.121246316075927,0.02535211267605634,30.0,929.375,89.625,-33.15,8
913,17315,6252.18,1.0,36,3862,470,13.302510638297873,-3.1614015642442346,0.10112359550561797,32.0,107.27777777777777,7.055555555555555,-87.80000000000001,8
915,12726,2411.1,27.0,7,3132,117,20.607692307692307,-6.213181627596164,0.021212121212121213,0.0,447.42857142857144,8.0,0.0,8
921,14016,4341.21,161.0,4,2125,161,26.964037267080744,-4.192928484464229,0.02040816326530612,1.0,531.25,38.5,-12.75,8
930,12705,6382.29,14.0,8,3970,328,19.458201219512194,-4.776946592205278,0.023391812865497075,24.0,496.25,28.375,-54.050000000000004,8
941,16686,3062.83,46.0,7,2030,585,5.235606837606838,-2.7362510134005773,0.022727272727272728,5.0,290.0,58.0,-19.35,8
951,14646,279138.02,1.0,72,196844,2060,135.5038932038835,-1.592430559605019,0.2033898305084746,288.0,2733.9444444444443,9.708333333333334,-360.00000000000006,8
961,13027,6912.0,113.0,6,17280,26,265.84615384615387,-2.8865751883105624,0.024896265560165973,0.0,2880.0,1.0,0.0,8
979,12678,16481.46,41.0,10,10901,157,104.97745222929936,-3.344742959896781,0.03205128205128205,24.0,1090.1,10.4,-40.2,8
987,17306,8631.31,10.0,19,11491,66,130.77742424242425,-3.832612102925019,0.05539358600583091,21.0,604.7894736842105,0.6842105263157895,-30.580000000000002,8
1009,19296,18745.86,352.0,1,2853,186,100.7841935483871,-1.0,1.0,0.0,2853.0,153.0,0.0,8
1016,17593,3927.34,3.0,5,3101,213,18.438215962441316,-4.231011762306108,0.014285714285714285,6.0,620.2,38.0,-15.78,8
1017,13953,3515.68,6.0,7,2724,20,175.784,-6.310401160580353,0.02023121387283237,0.0,389.14285714285717,1.1428571428571428,0.0,8
1018,14533,1949.72,24.0,7,4019,62,31.44709677419355,-2.3218518197052953,0.02127659574468085,1242.0,574.1428571428571,7.571428571428571,-137.10000000000002,8
1032,19309,4634.59,350.0,1,2319,511,9.069647749510764,-1.0,1.0,0.0,2319.0,508.0,0.0,8
1061,13629,7792.36,22.0,11,4372,59,132.07389830508475,-7.126344129669126,0.03481012658227848,0.0,397.45454545454544,2.5454545454545454,0.0,8
1064,16532,6748.8,17.0,3,2016,4,1687.2,-2.960258320914059,0.009345794392523364,0.0,672.0,0.6666666666666666,0.0,8
1072,15046,5194.82,8.0,15,3450,205,25.340585365853656,-7.831577403206517,0.045454545454545456,144.0,230.0,9.733333333333333,-149.76,8
1073,13082,3613.63,125.0,9,4324,73,49.50178082191781,-2.3588457238150444,0.04225352112676056,11.0,480.44444444444446,7.0,-18.15,8
1076,18226,5228.05,43.0,11,3466,242,21.603512396694217,-6.403249537034801,0.03741496598639456,7.0,315.09090909090907,12.818181818181818,-35.95,8
1078,12415,124564.53,23.0,20,77373,713,174.70481065918653,-2.1831796023225594,0.06369426751592357,427.0,3868.65,22.15,-926.35,8
1081,14258,12669.98,8.0,9,7100,111,114.14396396396396,-3.9709254500586004,0.02735562310030395,2.0,788.8888888888889,6.444444444444445,-19.9,8
1082,15719,5043.96,32.0,13,2724,936,5.388846153846154,-7.937528516142567,0.04262295081967213,1.0,209.53846153846155,22.923076923076923,-1.65,8
1112,18198,5425.56,3.0,17,4074,159,34.12301886792453,-6.9117298229013935,0.05105105105105105,235.0,239.64705882352942,4.764705882352941,-342.5,8
1130,12939,11581.8,63.0,8,4876,47,246.42127659574467,-2.531926057071809,0.02952029520295203,0.0,609.5,2.625,0.0,8
1148,13451,2976.15,25.0,5,2149,443,6.718171557562077,-2.919889685670753,0.016181229773462782,6.0,429.8,63.0,-59.699999999999996,8
1150,12539,5568.35,21.0,4,2067,273,20.396886446886448,-3.6984773841181005,0.01282051282051282,0.0,516.75,39.25,0.0,8
1153,12500,4059.82,22.0,11,2667,52,78.07346153846154,-2.9161114187206514,0.03536977491961415,6.0,242.45454545454547,3.0,-33.55,8
1156,12524,3945.72,8.0,8,3669,136,29.01264705882353,-6.387702107218249,0.024615384615384615,0.0,458.625,14.0,0.0,8
1157,17811,7831.03,3.0,39,4176,850,9.212976470588234,-2.54181636286453,0.11818181818181818,49.00000000000001,107.07692307692308,9.179487179487179,-160.02,8
1165,16303,5360.63,25.0,3,2659,162,33.09030864197531,-3.6873548085865293,0.00974025974025974,38.0,886.3333333333334,39.666666666666664,-54.8,8
1182,17365,4796.52,12.0,8,4765,467,10.270920770877945,-3.752150781202854,0.024922118380062305,0.0,595.625,34.625,0.0,8
1183,15189,16225.39,1.0,41,6149,212,76.53485849056604,-2.3473711249611315,0.12349397590361445,114.0,149.97560975609755,1.951219512195122,-423.25,8
1186,15749,44534.3,233.99999999999997,3,18028,10,4453.43,-1.3287671232876712,0.030612244897959183,9014.0,6009.333333333333,1.6666666666666667,-22998.4,8
1211,15939,6115.01,89.0,15,4728,76,80.46065789473684,-4.873909312750499,0.06198347107438017,3.0,315.2,1.8666666666666667,-12.75,8
1215,12437,4447.41,1.0,18,2894,184,24.17070652173913,-3.4558799427889735,0.05454545454545454,5.0,160.77777777777777,6.5,-54.75,8
1223,17389,31833.68,1.0,34,7612,213,149.45389671361502,-2.4370217964891365,0.1027190332326284,170.0,223.88235294117646,1.3235294117647058,-516.2,8
1225,17364,4481.18,1.0,11,2701,411,10.903114355231144,-4.436236689120992,0.03323262839879154,21.0,245.54545454545453,26.181818181818183,-25.45,8
1246,12490,4859.93,4.0,10,3033,235,20.680553191489363,-6.381874053971269,0.03076923076923077,0.0,303.3,13.0,0.0,8
1249,12474,6745.79,16.0,18,4812,408,16.533799019607844,-3.062638708777749,0.05750798722044728,83.0,267.3333333333333,14.0,-259.32,8
1263,14329,5014.84,16.0,7,3095,259,19.362316602316604,-4.958782826342457,0.022364217252396165,20.0,442.14285714285717,31.142857142857142,-86.1,8
1266,16401,4098.32,1.0,12,3882,186,22.033978494623653,-4.556768995227066,0.03669724770642202,23.0,323.5,5.5,-35.129999999999995,8
1277,16843,10196.57,42.0,16,10159,378,26.97505291005291,-2.782941420175612,0.056140350877192984,5.0,634.9375,14.125,-12.75,8
1281,12626,5954.48,22.0,9,3416,285,20.892912280701754,-5.249652755932186,0.029605263157894735,103.00000000000001,379.55555555555554,25.666666666666668,-232.13,8
1291,13001,9818.82,3.0,13,5505,339,28.964070796460177,-4.943978487739292,0.04024767801857585,8.0,423.46153846153845,12.76923076923077,-20.9,8
1292,14101,5976.79,73.0,6,6942,35,170.76542857142857,-5.383256891681384,0.023715415019762844,0.0,1157.0,2.5,0.0,8
1294,17730,5298.4800000000005,2.0,13,3576,218,24.304954128440368,-7.321973365144926,0.040123456790123455,9.0,275.0769230769231,9.76923076923077,-9.65,8
1308,12346,77183.6,325.0,1,74215,1,77183.6,-1.0,1.0,74215.0,74215.0,1.0,-77183.6,8
1323,13263,7443.85,1.0,35,4774,1673,4.449402271368799,-3.432340513355513,0.10802469135802469,0.0,136.4,12.82857142857143,0.0,8
1327,12451,8995.52,10.0,5,6574,353,25.483059490084987,-5.175442455265843,0.01592356687898089,120.0,1314.8,52.8,-102.0,8
1337,17602,5102.97,1.0,6,4151,560,9.11244642857143,-2.8432102633943535,0.021739130434782608,16.0,691.8333333333334,55.833333333333336,-52.2,8
1342,12637,5823.9,66.0,8,2991,387,15.048837209302325,-2.3272396551614225,0.03501945525291829,9.0,373.875,25.5,-14.65,8
1365,14088,50491.81,9.0,13,12665,589,85.7246349745331,-3.3529709478741503,0.04153354632587859,72.0,974.2307692307693,29.153846153846153,-76.32000000000001,8
1386,12727,3440.7,10.0,7,2068,132,26.065909090909088,-3.577588870752722,0.02258064516129032,12.0,295.42857142857144,15.428571428571429,-15.0,8
1428,15218,5756.89,10.0,11,3329,166,34.680060240963854,-3.3998294691079622,0.03559870550161812,0.0,302.6363636363636,7.0,0.0,8
1434,14534,4445.4,2.0,18,2046,518,8.581853281853281,-2.934744584500563,0.056962025316455694,122.0,113.66666666666667,18.333333333333332,-371.7,8
1437,12744,9120.39,55.0,4,5234,215,42.42041860465116,-3.862973475579916,0.015209125475285171,0.0,1308.5,44.25,0.0,8
1451,16133,14589.04,3.0,33,8887,338,43.16284023668639,-2.2295335972207093,0.10476190476190476,150.0,269.3030303030303,6.636363636363637,-283.38,8
1459,14049,5681.72,16.0,4,3870,488,11.642868852459017,-1.973994327602507,0.013245033112582781,24.0,967.5,87.0,-42.57,8
1467,13098,28882.44,1.0,28,15968,572,50.49377622377622,-2.388804408132584,0.08832807570977919,57.0,570.2857142857143,5.571428571428571,-223.56,8
1492,16767,5580.6,30.0,11,4435,222,25.13783783783784,-2.6157711162565667,0.038461538461538464,0.0,403.1818181818182,13.454545454545455,0.0,8
1511,16523,9418.470000000001,1.0,21,4265,290,32.477482758620695,-3.010777448689348,0.06687898089171974,32.0,203.0952380952381,7.190476190476191,-122.8,8
1518,13709,6328.05,3.0,13,3516,336,18.833482142857143,-2.167566174632476,0.041666666666666664,15.0,270.46153846153845,18.76923076923077,-78.94,8
1535,14426,4481.67,23.0,10,2699,224,20.007455357142856,-2.3404946958313104,0.034482758620689655,360.0,269.9,18.3,-562.77,8
1544,15144,6580.44,7.0,17,3050,217,30.324608294930872,-2.6546339198540005,0.05573770491803279,24.0,179.41176470588235,7.764705882352941,-50.400000000000006,8
1545,14776,2538.3,50.0,11,3134,117,21.694871794871798,-1.9942165304029607,0.04198473282442748,446.0,284.90909090909093,4.0,-342.72,8
1557,13881,17159.52,3.0,20,10118,178,96.40179775280899,-3.23085048175086,0.06472491909385113,56.0,505.9,3.6,-170.0,8
1558,16570,3738.4,14.0,10,2112,126,29.66984126984127,-3.095030002957168,0.03367003367003367,62.0,211.2,6.8,-115.44999999999999,8
1565,16745,7194.3,86.0,17,6735,357,20.152100840336136,-5.1333540519987855,0.0752212389380531,8.0,396.1764705882353,8.705882352941176,-23.6,8
1627,16333,26626.8,7.0,22,32184,45,591.7066666666667,-2.1572019311922,0.07260726072607261,0.0,1462.909090909091,0.4090909090909091,0.0,8
1643,13871,6403.25,22.0,13,2806,336,19.057291666666668,-7.736627470060617,0.04529616724738676,5.0,215.84615384615384,11.923076923076923,-13.450000000000001,8
1645,12754,3010.74,235.0,3,6481,63,47.78952380952381,-1.9449120122417751,0.0547945205479452,0.0,2160.3333333333335,16.333333333333332,0.0,8
1664,14194,11349.52,4.0,21,5840,579,19.601934369602763,-2.52121483796786,0.07236842105263158,57.0,278.0952380952381,12.80952380952381,-132.77,8
1675,17613,4559.150000000001,22.0,14,2496,312,14.612660256410258,-2.4819115425237923,0.04946996466431095,26.0,178.28571428571428,15.071428571428571,-49.78,8
1722,17940,2238.58,48.0,9,9754,18,124.36555555555555,-4.047649576200693,0.03543307086614173,0.0,1083.7777777777778,0.5555555555555556,0.0,8
1723,17686,5739.46,6.0,7,2478,286,20.06804195804196,-2.286235506205398,0.02364864864864865,0.0,354.0,29.285714285714285,0.0,8
1737,15114,2760.56,29.0,10,3096,197,14.012994923857867,-7.0844803196998525,0.03676470588235294,0.0,309.6,13.6,0.0,8
1744,17512,2924.9900000000002,28.0,10,2753,105,27.85704761904762,-4.76541743506392,0.03663003663003663,1.0,275.3,6.1,-4.95,8
1745,12477,13219.74,22.0,6,3653,300,44.065799999999996,-5.667553393185181,0.021505376344086023,33.0,608.8333333333334,31.833333333333332,-102.72999999999999,8
1765,13381,3639.31,31.0,6,2029,172,21.15877906976744,-5.753926961707534,0.022388059701492536,2.0,338.1666666666667,12.833333333333334,-12.5,8
1804,12455,2339.86,72.0,5,2084,85,27.527764705882355,-4.570878482435385,0.022321428571428572,0.0,416.8,16.8,0.0,8
1808,16126,6287.77,28.0,4,2125,117,53.741623931623934,-3.8646873173582703,0.014925373134328358,0.0,531.25,14.25,0.0,8
1809,14609,601.56,71.0,4,7026,4,150.39,-3.8016596049977665,0.017777777777777778,0.0,1756.5,0.5,0.0,8
1814,14944,5900.25,29.0,12,2815,170,34.707352941176474,-2.4654790215627167,0.0449438202247191,14.0,234.58333333333334,8.416666666666666,-57.300000000000004,8
1830,13018,7277.7,15.0,28,5435,458,15.890174672489083,-2.899793134189428,0.1,1.0,194.10714285714286,11.178571428571429,-4.95,8
1833,15382,5955.71,14.0,6,4012,302,19.7208940397351,-3.3481650675908705,0.021352313167259787,9.0,668.6666666666666,32.166666666666664,-27.85,8
1853,16182,6617.65,71.0,4,3791,28,236.34464285714284,-3.837918923986803,0.017937219730941704,0.0,947.75,4.25,0.0,8
1855,12714,4294.86,8.0,5,3046,254,16.908897637795274,-4.661007457820586,0.017482517482517484,0.0,609.2,43.0,0.0,8
1897,18087,3202.9199999999996,290.0,1,3906,1,3202.9199999999996,-2.710396039603961,1.0,336.0,3906.0,1.0,-285.59999999999997,8
1905,14895,11138.710000000001,7.0,20,4851,498,22.366887550200804,-2.0009176674462337,0.0706713780918728,28.0,242.55,13.65,-118.44999999999999,8
1916,13285,2709.12,22.0,4,2051,187,14.487272727272726,-3.8514981652667313,0.0149812734082397,0.0,512.75,39.25,0.0,8
1924,18172,7561.68,14.0,20,3184,189,40.00888888888889,-3.1833425023998783,0.07246376811594203,14.0,159.2,5.0,-71.50999999999999,8
1948,14004,4582.64,42.0,7,2668,171,26.799064327485382,-5.5240189067019045,0.028455284552845527,0.0,381.14285714285717,14.571428571428571,0.0,8
1949,17139,10668.47,15.0,12,5182,478,22.31897489539749,-3.023349031690843,0.043795620437956206,19.0,431.8333333333333,25.75,-82.9,8
1977,16592,4113.68,3.0,16,2927,216,19.044814814814817,-2.0842780089608137,0.056338028169014086,13.0,182.9375,8.875,-40.4,8
2021,16187,6911.4400000000005,31.0,15,5048,295,23.428610169491527,-2.563133453699139,0.05928853754940711,44.0,336.53333333333336,10.666666666666666,-70.2,8
2027,14056,8214.65,1.0,23,4273,1106,7.427350813743218,-2.8586155281143273,0.0812720848056537,39.0,185.7826086956522,13.91304347826087,-89.41,8
2039,12428,6405.26,25.0,8,3509,287,22.317979094076655,-2.963055013150826,0.031007751937984496,32.0,438.625,32.0,-39.260000000000005,8
2064,15416,3984.32,64.0,4,2090,192,20.75166666666667,-3.8552722122044694,0.0182648401826484,1.0,522.5,41.25,-9.95,8
2085,17426,5037.26,7.0,6,3094,271,18.58767527675277,-2.079174828806076,0.02181818181818182,12.0,515.6666666666666,29.833333333333332,-15.0,8
2099,17416,6893.42,29.0,7,4302,269,25.626096654275095,-6.034008644169682,0.027777777777777776,36.0,614.5714285714286,26.571428571428573,-55.08,8
2100,17652,4867.72,24.0,12,2509,259,18.794285714285714,-4.551484515568128,0.046875,30.0,209.08333333333334,9.833333333333334,-130.59,8
2135,17107,10815.43,32.0,6,4837,418,25.874234449760767,-2.279826452518015,0.024489795918367346,300.0,806.1666666666666,44.833333333333336,-435.0,8
2169,15764,3279.97,87.0,6,2050,180,18.222055555555553,-2.2373729291772295,0.031746031746031744,14.0,341.6666666666667,25.0,-34.5,8
2174,13340,10736.48,44.0,7,5770,134,80.12298507462687,-2.2215708216352157,0.03017241379310345,0.0,824.2857142857143,18.285714285714285,0.0,8
2178,12758,2791.59,116.0,2,2135,97,28.779278350515465,-1.9875,0.0125,0.0,1067.5,42.0,0.0,8
2182,14367,9261.52,7.0,16,4438,524,17.67465648854962,-2.465150483916378,0.05970149253731343,28.0,277.375,16.875,-93.7,8
2195,17049,5659.9800000000005,2.0,9,2676,318,17.79867924528302,-4.359541871444679,0.032846715328467155,7.0,297.3333333333333,22.333333333333332,-65.2,8
2204,14936,8137.02,33.0,8,4085,364,22.35445054945055,-2.183470894275216,0.03305785123966942,2.0,510.625,26.25,-19.599999999999998,8
2210,14291,3883.25,1.0,11,2749,237,16.385021097046412,-2.5045697218088536,0.040145985401459854,1.0,249.9090909090909,13.181818181818182,-9.95,8
2212,15632,3285.31,15.0,8,2109,167,19.67251497005988,-6.131530667701138,0.03076923076923077,60.0,263.625,13.375,-138.0,8
2243,16652,6773.97,58.0,7,3283,118,57.406525423728816,-2.266214304708058,0.03255813953488372,16.0,469.0,10.571428571428571,-119.71000000000001,8
2262,15125,11528.48,24.0,15,6193,127,90.77543307086614,-2.3743848987938887,0.06097560975609756,202.0,412.8666666666667,6.8,-411.43,8
2264,12901,17654.54,8.0,28,23075,116,152.19431034482758,-2.3471571257964983,0.10687022900763359,1776.0,824.1071428571429,1.0714285714285714,-1338.3999999999999,8
2291,15150,5314.47,16.0,10,3658,343,15.494081632653062,-3.0623735085778554,0.03968253968253968,25.0,365.8,28.2,-10.5,8
2311,12435,7829.89,79.0,2,2055,36,217.49694444444447,-1.9894179894179895,0.010582010582010581,0.0,1027.5,15.5,0.0,8
2312,12955,4757.16,1.0,11,3664,180,26.428666666666665,-4.647848959863273,0.04119850187265917,22.0,333.09090909090907,7.363636363636363,-22.9,8
2315,17716,5655.99,22.0,11,3072,245,23.085673469387753,-3.067177787295116,0.044715447154471545,68.0,279.27272727272725,15.545454545454545,-150.2,8
2321,13268,3192.65,17.0,10,3582,439,7.27255125284738,-2.524440948170797,0.04,23.0,358.2,25.6,-47.050000000000004,8
2331,14422,4263.64,1.0,6,2906,222,19.205585585585588,-5.126397154177287,0.02247191011235955,0.0,484.3333333333333,31.5,0.0,8
2342,14110,5683.15,3.0,12,2445,155,36.66548387096774,-6.160584742861334,0.045454545454545456,2.0,203.75,7.833333333333333,-13.5,8
2344,16672,8134.9400000000005,1.0,20,2832,114,71.35912280701754,-3.708708988945163,0.07547169811320754,2.0,141.6,1.1,-15.25,8
2357,16626,4413.1,1.0,17,2690,179,24.65418994413408,-2.8481058803673025,0.06390977443609022,20.0,158.23529411764707,5.0588235294117645,-33.449999999999996,8
2365,17133,4892.240000000001,15.0,7,2730,27,181.1940740740741,-3.2486878080112467,0.027888446215139442,0.0,390.0,1.8571428571428572,0.0,8
2388,13985,7060.13,3.0,15,3445,349,20.229598853868197,-4.45744337719562,0.05747126436781609,8.0,229.66666666666666,7.2,-35.6,8
2466,16308,2560.0,37.0,4,8000,4,640.0,-3.8214765139757207,0.017857142857142856,0.0,2000.0,0.25,0.0,8
2468,14607,15021.5,15.0,12,10734,78,192.58333333333334,-1.2860637540712392,0.04878048780487805,3768.0,894.5,3.0833333333333335,-5228.4,8
2521,13266,3834.2599999999998,10.0,12,4428,187,20.504064171122995,-4.888674416877268,0.04878048780487805,129.0,369.0,6.833333333333333,-116.59,8
2527,15249,6688.46,31.0,13,3577,350,19.109885714285713,-4.565987460678332,0.057777777777777775,20.0,275.15384615384613,16.23076923076923,-31.1,8
2542,17719,5396.04,37.0,15,2466,274,19.693576642335767,-3.3671361709480903,0.06880733944954129,11.0,164.4,7.4,-28.240000000000002,8
2548,16253,3683.86,66.0,2,3233,123,29.95008130081301,-1.9894179894179895,0.010582010582010581,0.0,1616.5,57.0,0.0,8
2561,20055,21389.6,254.0,1,5963,138,154.99710144927536,-1.0,2.0,0.0,5963.0,138.0,0.0,8
2570,13988,4147.96,19.0,6,3044,234,17.726324786324785,-5.398741034656455,0.02553191489361702,19.0,507.3333333333333,31.333333333333332,-49.160000000000004,8
2576,13316,5977.7300000000005,36.0,4,6948,87,68.70954022988506,-3.805041056765441,0.01834862385321101,0.0,1737.0,16.5,0.0,8
2601,12619,2945.56,15.0,8,3360,82,35.92146341463415,-3.935331402398792,0.03361344537815126,23.0,420.0,6.0,-36.75,8
2618,16609,5493.46,14.0,7,2420,276,19.903840579710145,-6.200396049444906,0.029411764705882353,10.0,345.7142857142857,22.142857142857142,-42.5,8
2620,16180,10254.18,98.99999999999999,8,5867,162,63.29740740740741,-2.9037340930592284,0.05228758169934641,14.0,733.375,11.25,-36.7,8
2641,17758,3456.7000000000003,18.0,8,2091,412,8.390048543689321,-2.18179953153883,0.03896103896103896,0.0,261.375,38.75,0.0,8
2700,18272,3078.58,2.0,6,2050,166,18.54566265060241,-5.770624067026072,0.024489795918367346,6.0,341.6666666666667,16.5,-13.8,8
2759,14286,4628.75,23.0,3,4338,280,16.53125,-3.9568345323741005,0.013636363636363636,32.0,1446.0,73.33333333333333,-32.94,8
2784,15251,10484.99,8.0,11,6171,111,94.45936936936937,-5.017297023352606,0.04721030042918455,87.0,561.0,8.818181818181818,-157.88,8
2786,17160,3518.03,30.0,6,2856,229,15.362576419213974,-5.109043542984741,0.02843601895734597,0.0,476.0,18.5,0.0,8
2793,16729,7236.6,37.0,21,5779,659,10.981183611532625,-2.9474781583222733,0.10294117647058823,12.0,275.1904761904762,11.095238095238095,-156.6,8
2861,18079,3651.97,44.0,4,7432,127,28.75566929133858,-1.9788709144932322,0.020618556701030927,0.0,1858.0,24.75,0.0,8
3021,14191,4684.76,1.0,13,3662,259,18.08787644787645,-6.538414757252617,0.0593607305936073,5.0,281.6923076923077,11.153846153846153,-24.75,8
3042,16258,5203.51,44.0,5,2994,135,38.54451851851852,-4.258334471256071,0.028735632183908046,0.0,598.8,22.2,0.0,8
3108,12700,4525.99,7.0,4,2944,264,17.143901515151516,-3.825577134481495,0.019230769230769232,0.0,736.0,48.0,0.0,8
3113,16440,3640.67,7.0,5,2018,282,12.91017730496454,-4.268910920760183,0.024154589371980676,0.0,403.6,37.2,0.0,8
3204,12590,9341.26,209.99999999999997,1,4282,67,139.4217910447761,-1.9047619047619047,1.0,4.0,4282.0,67.0,-2.88,8
3314,13555,4149.28,73.0,4,2660,136,30.50941176470588,-1.3298701298701299,0.031007751937984496,0.0,665.0,32.0,0.0,8
3354,15804,4206.39,1.0,13,2565,262,16.05492366412214,-2.675371451176297,0.06532663316582915,52.0,197.30769230769232,13.076923076923077,-357.84,8
3378,18073,3877.5200000000004,113.0,12,3108,73,53.11671232876713,-1.94689618199424,0.14457831325301204,10.0,259.0,1.9166666666666667,-13.08,8
3381,13135,3096.0,196.00000000000003,1,4300,1,3096.0,-1.0,1.0,0.0,4300.0,1.0,0.0,8
3457,13435,3809.8900000000003,4.0,7,2129,101,37.72168316831684,-3.274194205615093,0.03804347826086957,4.0,304.14285714285717,9.714285714285714,-15.4,8
3465,15152,4745.69,9.0,13,2704,271,17.511771217712177,-3.4986291004489973,0.07303370786516854,10.0,208.0,15.076923076923077,-61.45,8
3499,17414,778.0,43.0,2,2100,6,129.66666666666666,-1.9859154929577467,0.014084507042253521,0.0,1050.0,2.5,0.0,8
3531,14132,3586.0299999999997,1.0,11,3368,200,17.930149999999998,-6.21648857639433,0.06043956043956044,2.0,306.1818181818182,9.090909090909092,-5.9,8
3549,12409,11072.67,78.0,3,5551,109,101.58412844036697,-1.3882246227426405,0.028846153846153848,8.0,1850.3333333333333,30.333333333333332,-15.74,8
3591,14503,3543.26,2.0,6,2004,164,21.605243902439025,-3.320352531256405,0.03409090909090909,0.0,334.0,18.833333333333332,0.0,8
3617,17651,3945.0,11.0,10,3112,232,17.004310344827587,-2.9162019447629866,0.060240963855421686,12.0,311.2,14.9,-58.330000000000005,8
3660,17444,2389.1,151.0,2,2118,134,17.82910447761194,-1.909090909090909,0.09090909090909091,0.0,1059.0,65.5,0.0,8
3667,14808,2741.17,39.0,8,2147,235,11.664553191489363,-1.5392215686841626,0.06015037593984962,92.0,268.375,22.0,-440.8,8
3687,12830,6814.64,37.0,6,9848,38,179.33263157894737,-2.778343009512283,0.044444444444444446,0.0,1641.3333333333333,2.1666666666666665,0.0,8
3704,12798,6977.04,9.0,3,5256,8,872.13,-2.891989198919892,0.018633540372670808,0.0,1752.0,2.0,0.0,8
3768,17750,1781.28,4.0,9,3906,191,9.32607329842932,-6.208625829571241,0.05660377358490566,0.0,434.0,11.11111111111111,0.0,8
3779,21081,7847.429999999999,162.0,1,4136,704,11.146917613636363,-1.0,1.0,0.0,4136.0,703.0,0.0,8
3996,14456,3059.44,4.0,9,2871,968,3.160578512396694,-1.9947689625108977,0.06521739130434782,6.0,319.0,64.33333333333333,-13.52,8
4025,12627,4082.53,10.0,6,2730,224,18.225580357142857,-4.674895102753362,0.046153846153846156,0.0,455.0,26.833333333333332,0.0,8
4050,15372,2007.3999999999999,136.0,1,2924,27,74.34814814814814,-1.0,1.0,0.0,2924.0,27.0,0.0,8
4116,16984,4481.35,87.0,2,2423,407,11.010687960687962,-2.2544700699663127,0.047619047619047616,15.0,1211.5,177.0,-88.93,8
4122,12378,4008.62,129.0,1,2529,219,18.30420091324201,-1.0,1.0,0.0,2529.0,219.0,0.0,8
4193,21484,12172.09,120.0,1,2500,352,34.579801136363635,-1.0,1.0,0.0,2500.0,352.0,0.0,8
4232,15786,4932.2,45.0,3,3364,267,18.47265917602996,-1.930541368743616,0.043478260869565216,33.0,1121.3333333333333,85.66666666666667,-98.0,8
4238,12688,4873.8099999999995,113.0,1,3028,171,28.501812865497072,-1.0,1.0,0.0,3028.0,171.0,0.0,8
4305,13644,2624.26,15.0,4,2067,146,17.974383561643837,-4.015057262257951,0.044444444444444446,7.0,516.75,36.0,-26.74,8
4323,14096,53258.43,3.0,17,16336,5095,10.453077526987242,-3.536988110964333,0.17346938775510204,0.0,960.9411764705883,65.76470588235294,0.0,8
4439,14432,2255.51,9.0,6,2070,382,5.904476439790576,-4.384515006524576,0.075,0.0,345.0,42.666666666666664,0.0,8
4452,16360,3512.53,4.0,6,2144,662,5.305936555891239,-2.364204955496753,0.07142857142857142,16.0,357.3333333333333,60.833333333333336,-100.84,8
4469,18251,4314.72,86.0,1,7824,16,269.67,-1.0,1.0,0.0,7824.0,16.0,0.0,8
4583,15484,3594.31,1.0,4,3152,188,19.118670212765956,-3.7766209181258876,0.05128205128205128,16.0,788.0,33.75,-31.2,8
4631,13536,3448.29,1.0,7,2136,179,19.264189944134078,-3.6195986259265958,0.09333333333333334,0.0,305.14285714285717,13.0,0.0,8
4693,17528,3628.5,1.0,8,2138,253,14.34189723320158,-2.5184117835414668,0.11267605633802817,8.0,267.25,22.875,-88.4,8
4829,17509,6115.14,57.0,8,3534,366,16.708032786885248,-1.1,1.3333333333333333,4.0,441.75,9.375,-14.4,8
4864,13685,3119.44,2.0,7,5056,39,79.98564102564103,-1.621850718153991,0.1206896551724138,0.0,722.2857142857143,4.142857142857143,0.0,8
4870,17203,3563.85,35.0,6,2850,152,23.446381578947367,-1.4267515923566878,0.24,0.0,475.0,19.333333333333332,0.0,8
4883,14121,2780.15,3.0,4,2082,159,17.485220125786164,-2.5083038906636763,0.07017543859649122,4.0,520.5,37.0,-39.85,8
4893,12536,4279.71,58.0,1,2801,259,16.523976833976835,-1.9615384615384617,1.0,129.0,2801.0,259.0,-128.45,8
4947,14547,4007.54,3.0,8,2668,366,10.949562841530055,-2.1176470588235294,0.1568627450980392,10.0,333.5,24.75,-20.8,8
5109,15993,2788.87,8.0,7,2045,551,5.061470054446461,-1.5359297860669225,0.19444444444444445,9.0,292.14285714285717,47.714285714285715,-40.75,8
5179,22221,14855.529999999999,38.0,1,5197,1113,13.34728661275831,-1.0,1.0,0.0,5197.0,1109.0,0.0,8
5268,12357,6207.67,32.0,1,2708,131,47.38679389312977,-1.0,1.0,0.0,2708.0,131.0,0.0,8
5281,22312,52940.94,31.0,1,14149,101,524.1677227722772,-1.0,1.0,0.0,14149.0,101.0,0.0,8
5395,22383,50653.91,24.0,1,13956,99,511.6556565656566,-1.0,1.0,0.0,13956.0,99.0,0.0,8
5487,18139,8438.34,17.0,6,5557,159,53.07132075471698,-1.0,6.0,0.0,926.1666666666666,5.833333333333333,0.0,8
5656,22663,7848.73,3.0,1,2455,720,10.901013888888889,-1.0,1.0,0.0,2455.0,720.0,0.0,8
5674,16000,12393.7,2.0,3,5110,9,1377.0777777777778,-1.0,3.0,0.0,1703.3333333333333,3.0,0.0,8
5681,22696,7150.07,1.0,1,2150,748,9.558917112299465,-1.0,1.0,0.0,2150.0,748.0,0.0,8
